,Date,Unique Visitors
0,"May 1, 2023",34010
1,"May 2, 2023",42876
2,"May 3, 2023",42608
3,"May 4, 2023",41266
4,"May 5, 2023",38584
5,"May 6, 2023",32165
6,"May 7, 2023",31088
7,"May 8, 2023",32648
8,"May 9, 2023",31234
9,"May 10, 2023",42599
10,"May 11, 2023",42774
11,"May 12, 2023",39131
12,"May 13, 2023",31688
13,"May 14, 2023",33018
14,"May 15, 2023",41716
15,"May 16, 2023",42290
16,"May 17, 2023",42027
17,"May 18, 2023",41628
18,"May 19, 2023",37661
19,"May 20, 2023",29943
20,"May 21, 2023",31661
21,"May 22, 2023",40946
22,"May 23, 2023",41705
23,"May 24, 2023",40425
24,"May 25, 2023",39799
25,"May 26, 2023",38076
26,"May 27, 2023",31837
27,"May 28, 2023",31989
28,"May 29, 2023",40586
29,"May 30, 2023",40319
30,"May 31, 2023",39915
31,"June 1, 2023",42459
32,"June 2, 2023",44876
33,"June 3, 2023",38688
34,"June 4, 2023",37135
35,"June 5, 2023",44096
36,"June 6, 2023",43593
37,"June 7, 2023",45074
38,"June 8, 2023",44556
39,"June 9, 2023",42080
40,"June 10, 2023",34716
41,"June 11, 2023",35083
42,"June 12, 2023",39823
43,"June 13, 2023",44843
44,"June 14, 2023",46665
45,"June 15, 2023",45116
46,"June 16, 2023",42239
47,"June 17, 2023",35629
48,"June 18, 2023",38318
49,"June 19, 2023",44792
50,"June 20, 2023",47285
51,"June 21, 2023",45384
52,"June 22, 2023",44351
53,"June 23, 2023",46210
54,"June 24, 2023",42858
55,"June 25, 2023",47128
56,"June 26, 2023",47939
57,"June 27, 2023",47089
58,"June 28, 2023",43450
59,"June 29, 2023",42283
60,"June 30, 2023",39726
61,"July 1, 2023",35560
62,"July 2, 2023",38265
63,"July 3, 2023",42517
64,"July 4, 2023",43172
65,"July 5, 2023",40631
66,"July 6, 2023",41689
67,"July 7, 2023",41882
68,"July 8, 2023",36291
69,"July 9, 2023",38317
70,"July 10, 2023",49483
71,"July 11, 2023",48959
72,"July 12, 2023",48184
73,"July 13, 2023",47869
74,"July 14, 2023",46327
75,"July 15, 2023",35791
76,"July 16, 2023",37671
77,"July 17, 2023",44880
78,"July 18, 2023",46752
79,"July 19, 2023",46658
80,"July 20, 2023",47268
81,"July 21, 2023",46073
82,"July 22, 2023",38182
83,"July 23, 2023",41479
84,"July 24, 2023",48608
85,"July 25, 2023",44150
86,"July 26, 2023",44223
87,"July 27, 2023",43851
88,"July 28, 2023",41740
89,"July 29, 2023",35225
90,"July 30, 2023",39521
91,"July 31, 2023",46561
92,"August 1, 2023",46925
93,"August 2, 2023",50089
94,"August 3, 2023",49784
95,"August 4, 2023",44278
96,"August 5, 2023",36931
97,"August 6, 2023",39304
98,"August 7, 2023",49318
99,"August 8, 2023",49395
100,"August 9, 2023",47303
101,"August 10, 2023",45079
102,"August 11, 2023",45396
103,"August 12, 2023",40716
104,"August 13, 2023",41692
105,"August 14, 2023",47253
106,"August 15, 2023",47078
107,"August 16, 2023",49965
108,"August 17, 2023",45199
109,"August 18, 2023",45382
110,"August 19, 2023",39908
111,"August 20, 2023",42053
112,"August 21, 2023",48678
113,"August 22, 2023",46647
114,"August 23, 2023",46890
115,"August 24, 2023",47048
116,"August 25, 2023",46382
117,"August 26, 2023",41084
118,"August 27, 2023",42914
119,"August 28, 2023",49788
120,"August 29, 2023",52791
121,"August 30, 2023",51598
122,"August 31, 2023",46372
123,"September 1, 2023",39549
124,"September 2, 2023",41825
125,"September 3, 2023",43744
126,"September 4, 2023",48752
127,"September 5, 2023",47107
128,"September 6, 2023",47464
129,"September 7, 2023",45962
130,"September 8, 2023",44594
131,"September 9, 2023",41744
132,"September 10, 2023",44002
133,"September 11, 2023",49344
134,"September 12, 2023",48594
135,"September 13, 2023",45154
136,"September 14, 2023",48423
137,"September 15, 2023",47435
138,"September 16, 2023",43007
139,"September 17, 2023",43849
140,"September 18, 2023",51296
141,"September 19, 2023",46689
142,"September 20, 2023",48387
143,"September 21, 2023",55751
144,"September 22, 2023",50624
145,"September 23, 2023",45821
146,"September 24, 2023",47467
147,"September 25, 2023",55629
148,"September 26, 2023",55370
149,"September 27, 2023",51755
150,"September 28, 2023",50414
151,"September 29, 2023",49400
152,"September 30, 2023",40452
153,"October 1, 2023",43352
154,"October 2, 2023",50425
155,"October 3, 2023",54267
156,"October 4, 2023",54263
157,"October 5, 2023",55072
158,"October 6, 2023",52367
159,"October 7, 2023",45422
160,"October 8, 2023",42974
161,"October 9, 2023",49778
162,"October 10, 2023",50023
163,"October 11, 2023",52213
164,"October 12, 2023",52940
165,"October 13, 2023",46145
166,"October 14, 2023",42696
167,"October 15, 2023",47438
168,"October 16, 2023",54953
169,"October 17, 2023",56456
170,"October 18, 2023",52076
171,"October 19, 2023",51372
172,"October 20, 2023",48951
173,"October 21, 2023",43434
174,"October 22, 2023",44797
